,MSE,RMSE,MAE,R²,MAPE,Median APE
0,0.00034834055,0.018663883,0.0060093002,0.9963287115097046,1.1883947998285294,0.5355298053473234
