,MSE,MAE,R²,MAPE,Count,Mean Error,Error Std
0,0.0016056434,0.018404098,0.988465428352356,3.322690725326538,214866,-0.01800986,0.03579509
